[
  {
    "City": "Wellington",
    "Country": "New Zealand",
    "DST": "Sep–Apr",
    "ID": "NZSX",
    "LocalClose": "1645",
    "LocalLunch": "No",
    "LocalOpen": "1000",
    "Name": "New Zealand New Zealand Stock Market",
    "UTCClose": "0500",
    "UTCLunch": "No",
    "UTCOpen": "2200",
    "Zone": "NZST",
    "ZoneOffset": 12
  },
  {
    "Name": "Australia Australian Securities Exchange",
    "ID": "ASX",
    "Country": "Australia",
    "City": "Sydney",
    "Zone": "AEST",
    "ZoneOffset": 10,
    "DST": "Oct–Apr",
    "LocalOpen": "1000",
    "LocalClose": "1600",
    "LocalLunch": "No",
    "UTCOpen": "0000",
    "UTCClose": "0600",
    "UTCLunch": "No"
  },
  {
    "Name": "Japan Tokyo Stock Exchange",
    "ID": "TSE",
    "Country": "Japan",
    "City": "Tokyo",
    "Zone": "JST",
    "ZoneOffset": 9,
    "DST": "",
    "LocalOpen": "0900",
    "LocalClose": "1500",
    "LocalLunch": "1130–1230",
    "UTCOpen": "0000",
    "UTCClose": "0600",
    "UTCLunch": "0230–0330"
  },
  {
    "Name": "South Korea Korea Stock Exchange",
    "ID": "KRX",
    "Country": "South Korea",
    "City": "Busan & Seoul",
    "Zone": "KST",
    "ZoneOffset": 9,
    "DST": "",
    "LocalOpen": "0900",
    "LocalClose": "1530",
    "LocalLunch": "No",
    "UTCOpen": "0000",
    "UTCClose": "0630",
    "UTCLunch": "No"
  },
  {
    "Name": "Malaysia Bursa Malaysia",
    "ID": "MYX",
    "Country": "Malaysia",
    "City": "Kuala Lumpur",
    "Zone": "MYT",
    "ZoneOffset": 8,
    "DST": "",
    "LocalOpen": "0900",
    "LocalClose": "1700",
    "LocalLunch": "1230–1430",
    "UTCOpen": "0100",
    "UTCClose": "0900",
    "UTCLunch": "0430–0630"
  },
  {
    "Name": "Singapore Singapore Exchange",
    "ID": "SGX",
    "Country": "Singapore",
    "City": "Singapore",
    "Zone": "SGT",
    "ZoneOffset": 8,
    "DST": "",
    "LocalOpen": "0900",
    "LocalClose": "1700",
    "LocalLunch": "1200–1300[3]",
    "UTCOpen": "0100",
    "UTCClose": "0900",
    "UTCLunch": "Yes"
  },
  {
    "Name": "Taiwan Taiwan Stock Exchange",
    "ID": "TWSE",
    "Country": "Taiwan (Republic of China)",
    "City": "Taipei",
    "Zone": "CST",
    "ZoneOffset": 8,
    "DST": "",
    "LocalOpen": "0900",
    "LocalClose": "1330",
    "LocalLunch": "No",
    "UTCOpen": "0100",
    "UTCClose": "0530",
    "UTCLunch": "No"
  },
  {
    "Name": "Hong Kong Hong Kong Futures Exchange",
    "ID": "HKFE",
    "Country": "Hong Kong",
    "City": "Hong Kong",
    "Zone": "HKT",
    "ZoneOffset": 8,
    "DST": "",
    "LocalOpen": "0915",
    "LocalClose": "1600",
    "LocalLunch": "1200–1300",
    "UTCOpen": "0115",
    "UTCClose": "0800",
    "UTCLunch": "0400–0500"
  },
  {
    "Name": "Hong Kong Hong Kong Stock Exchange",
    "ID": "HKEX",
    "Country": "Hong Kong",
    "City": "Hong Kong",
    "Zone": "HKT",
    "ZoneOffset": 8,
    "DST": "",
    "LocalOpen": "0930",
    "LocalClose": "1600",
    "LocalLunch": "1200–1300",
    "UTCOpen": "0130",
    "UTCClose": "0800",
    "UTCLunch": "0400–0500"
  },
  {
    "Name": "China Shanghai Stock Exchange",
    "ID": "SSE",
    "Country": "China",
    "City": "Shanghai",
    "Zone": "CST",
    "ZoneOffset": 8,
    "DST": "",
    "LocalOpen": "0930",
    "LocalClose": "1500",
    "LocalLunch": "1130–1300",
    "UTCOpen": "0130",
    "UTCClose": "0700",
    "UTCLunch": "0330–0500"
  },
  {
    "Name": "China Shenzhen Stock Exchange",
    "ID": "SZSE",
    "Country": "China",
    "City": "Shenzhen",
    "Zone": "CST",
    "ZoneOffset": 8,
    "DST": "",
    "LocalOpen": "0930",
    "LocalClose": "1500",
    "LocalLunch": "1130–1300",
    "UTCOpen": "0130",
    "UTCClose": "0700",
    "UTCLunch": "0330–0500"
  },
  {
    "Name": "Philippines Philippine Stock Exchange",
    "ID": "PSE",
    "Country": "Philippines",
    "City": "Manila",
    "Zone": "PHT",
    "ZoneOffset": 8,
    "DST": "",
    "LocalOpen": "0930",
    "LocalClose": "1530",
    "LocalLunch": "1200–1330",
    "UTCOpen": "0130",
    "UTCClose": "0730",
    "UTCLunch": "0400–0530"
  },
  {
    "Name": "Indonesia Indonesia Stock Exchange",
    "ID": "IDX",
    "Country": "Indonesia",
    "City": "Jakarta",
    "Zone": "WIB",
    "ZoneOffset": 7,
    "DST": "",
    "LocalOpen": "0900",
    "LocalClose": "1600",
    "LocalLunch": "12001330 (MonThu) 11301400 (Fri)",
    "UTCOpen": "0200",
    "UTCClose": "0900",
    "UTCLunch": "05000630 (MonThu) 04300700 (Fri)"
  },
  {
    "Name": "Vietnam Hochiminh Stock Exchange",
    "ID": "HOSE",
    "Country": "Vietnam",
    "City": "Hochiminh",
    "Zone": "ICT",
    "ZoneOffset": 7,
    "DST": "",
    "LocalOpen": "0900",
    "LocalClose": "1445",
    "LocalLunch": "1130–1300",
    "UTCOpen": "0200",
    "UTCClose": "0745",
    "UTCLunch": "0430–0600"
  },
  {
    "Name": "Vietnam Hanoi Stock Exchange",
    "ID": "HNX",
    "Country": "Vietnam",
    "City": "Hanoi",
    "Zone": "ICT",
    "ZoneOffset": 7,
    "DST": "",
    "LocalOpen": "0900",
    "LocalClose": "1445",
    "LocalLunch": "1130–1300",
    "UTCOpen": "0200",
    "UTCClose": "0745",
    "UTCLunch": "0430–0600"
  },
  {
    "Name": "Thailand Stock Exchange of Thailand",
    "ID": "SET",
    "Country": "Thailand",
    "City": "Bangkok",
    "Zone": "ICT",
    "ZoneOffset": 7,
    "DST": "",
    "LocalOpen": "1000",
    "LocalClose": "1630",
    "LocalLunch": "1230–1430",
    "UTCOpen": "0300",
    "UTCClose": "0930",
    "UTCLunch": "0530–0730"
  },
  {
    "Name": "India Bombay Stock Exchange[5]",
    "ID": "BSE",
    "Country": "India",
    "City": "Mumbai",
    "Zone": "IST",
    "ZoneOffset": 5.5,
    "DST": "",
    "LocalOpen": "0915",
    "LocalClose": "1530",
    "LocalLunch": "No",
    "UTCOpen": "0345",
    "UTCClose": "1000",
    "UTCLunch": "No"
  },
  {
    "Name": "India National Stock Exchange of India[6]",
    "ID": "NSE",
    "Country": "India",
    "City": "Mumbai",
    "Zone": "IST",
    "ZoneOffset": 5.5,
    "DST": "",
    "LocalOpen": "0915",
    "LocalClose": "1530",
    "LocalLunch": "No",
    "UTCOpen": "0345",
    "UTCClose": "1000",
    "UTCLunch": "No"
  },
  {
    "Name": "Sri Lanka Colombo Stock Exchange",
    "ID": "CSE",
    "Country": "Sri Lanka",
    "City": "Colombo",
    "Zone": "SLST",
    "ZoneOffset": 5.5,
    "DST": "",
    "LocalOpen": "0930",
    "LocalClose": "1430",
    "LocalLunch": "No",
    "UTCOpen": "0400",
    "UTCClose": "0900",
    "UTCLunch": "No"
  },
  {
    "Name": "Bangladesh Chittagong Stock Exchange",
    "ID": "CSE",
    "Country": "Bangladesh",
    "City": "Chittagong",
    "Zone": "BST",
    "ZoneOffset": 6,
    "DST": "",
    "LocalOpen": "1030",
    "LocalClose": "1430",
    "LocalLunch": "No",
    "UTCOpen": "0430",
    "UTCClose": "0830",
    "UTCLunch": "No"
  },
  {
    "Name": "Bangladesh Dhaka Stock Exchange",
    "ID": "DSE",
    "Country": "Bangladesh",
    "City": "Dhaka",
    "Zone": "BST",
    "ZoneOffset": 6,
    "DST": "",
    "LocalOpen": "1030",
    "LocalClose": "1430",
    "LocalLunch": "No",
    "UTCOpen": "0430",
    "UTCClose": "0830",
    "UTCLunch": "No"
  },
  {
    "Name": "Pakistan Pakistan Stock Exchange",
    "ID": "PSX",
    "Country": "Pakistan",
    "City": "Karachi",
    "Zone": "PKT",
    "ZoneOffset": 5,
    "DST": "",
    "LocalOpen": "0930",
    "LocalClose": "1530",
    "LocalLunch": "No",
    "UTCOpen": "0430",
    "UTCClose": "1030",
    "UTCLunch": "No"
  },
  {
    "Name": "TanzaniaDar es Salaam Stock Exchange",
    "ID": "DSE",
    "Country": "Tanzania",
    "City": "Dar es Salaam",
    "Zone": "EAT",
    "ZoneOffset": 3,
    "DST": "",
    "LocalOpen": "0800",
    "LocalClose": "1700",
    "LocalLunch": "No",
    "UTCOpen": "0500",
    "UTCClose": "1400",
    "UTCLunch": "No"
  },
  {
    "Name": "Iran Tehran Stock Exchange",
    "ID": "TSE",
    "Country": "Iran",
    "City": "Tehran",
    "Zone": "IRST",
    "ZoneOffset": 3.5,
    "DST": "",
    "LocalOpen": "0900",
    "LocalClose": "1230",
    "LocalLunch": "No",
    "UTCOpen": "0530",
    "UTCClose": "0900",
    "UTCLunch": "No"
  },
  {
    "Name": "Armenia Armenia Securities Exchange",
    "ID": "AMX",
    "Country": "Armenia",
    "City": "Yerevan",
    "Zone": "AMT",
    "ZoneOffset": 4,
    "DST": "",
    "LocalOpen": "1000",
    "LocalClose": "1500",
    "LocalLunch": "No",
    "UTCOpen": "0600",
    "UTCClose": "1100",
    "UTCLunch": "No"
  },
  {
    "Name": "Kenya Nairobi Securities Exchange",
    "ID": "NSE",
    "Country": "Kenya",
    "City": "Nairobi",
    "Zone": "EAT",
    "ZoneOffset": 3,
    "DST": "",
    "LocalOpen": "0930",
    "LocalClose": "1500",
    "LocalLunch": "No",
    "UTCOpen": "0630",
    "UTCClose": "1200",
    "UTCLunch": "No"
  },
  {
    "Name": "Saudi Arabia Saudi Stock Exchange",
    "ID": "TADAWUL",
    "Country": "Saudi Arabia",
    "City": "Riyadh",
    "Zone": "AST",
    "ZoneOffset": 3,
    "DST": "",
    "LocalOpen": "1000",
    "LocalClose": "1500",
    "LocalLunch": "No",
    "UTCOpen": "0700",
    "UTCClose": "1200",
    "UTCLunch": "No"
  },
  {
    "Name": "Turkey Borsa Istanbul",
    "ID": "ISE",
    "Country": "Turkey",
    "City": "Istanbul",
    "Zone": "TRT",
    "ZoneOffset": 3,
    "DST": "",
    "LocalOpen": "1000",
    "LocalClose": "1800",
    "LocalLunch": "1300–1400",
    "UTCOpen": "0700",
    "UTCClose": "1500",
    "UTCLunch": "1000–1100"
  },
  {
    "Name": "Russia Moscow Exchange",
    "ID": "MOEX",
    "Country": "Russia",
    "City": "Moscow",
    "Zone": "MSK",
    "ZoneOffset": 3,
    "DST": "",
    "LocalOpen": "1000",
    "LocalClose": "1845",
    "LocalLunch": "No",
    "UTCOpen": "0700",
    "UTCClose": "1545",
    "UTCLunch": "No"
  },
  {
    "Name": "South Africa Johannesburg Stock Exchange",
    "ID": "JSE",
    "Country": "South Africa",
    "City": "Johannesburg",
    "Zone": "SAST",
    "ZoneOffset": 2,
    "DST": "",
    "LocalOpen": "0900",
    "LocalClose": "1700",
    "LocalLunch": "No",
    "UTCOpen": "0700",
    "UTCClose": "1500",
    "UTCLunch": "No"
  },
  {
    "Name": "Israel Tel Aviv Stock Exchange",
    "ID": "TASE",
    "Country": "Israel",
    "City": "Tel Aviv",
    "Zone": "IST",
    "ZoneOffset": 2,
    "DST": "Mar–Oct",
    "LocalOpen": "0900",
    "LocalClose": "1730",
    "LocalLunch": "No",
    "UTCOpen": "0700",
    "UTCClose": "1530",
    "UTCLunch": "No"
  },
  {
    "Name": "Germany Frankfurt Stock Exchange (Xetra)",
    "ID": "FSX",
    "Country": "Germany",
    "City": "Frankfurt",
    "Zone": "CET",
    "ZoneOffset": 1,
    "DST": "Mar–Oct",
    "LocalOpen": "0800",
    "LocalClose": "2000",
    "LocalLunch": "No",
    "UTCOpen": "0700",
    "UTCClose": "1900",
    "UTCLunch": "No"
  },
  {
    "Name": "Germany Eurex Exchange",
    "ID": "EUREX",
    "Country": "Germany",
    "City": "Eschborn",
    "Zone": "CET",
    "ZoneOffset": 1,
    "DST": "Mar–Oct",
    "LocalOpen": "0800",
    "LocalClose": "2200",
    "LocalLunch": "No",
    "UTCOpen": "0700",
    "UTCClose": "2100",
    "UTCLunch": "No"
  },
  {
    "Name": "Lebanon Beirut Stock Exchange",
    "ID": "BSE",
    "Country": "Lebanon",
    "City": "Beirut",
    "Zone": "EET",
    "ZoneOffset": 2,
    "DST": "Mar–Oct",
    "LocalOpen": "0930",
    "LocalClose": "1230",
    "LocalLunch": "No",
    "UTCOpen": "0730",
    "UTCClose": "1030",
    "UTCLunch": "No"
  },
  {
    "Name": "Austria Wiener Börse AG",
    "ID": "VSE",
    "Country": "Austria",
    "City": "Vienna",
    "Zone": "CET",
    "ZoneOffset": 1,
    "DST": "Mar–Oct",
    "LocalOpen": "0855",
    "LocalClose": "1735",
    "LocalLunch": "No",
    "UTCOpen": "0755",
    "UTCClose": "1635",
    "UTCLunch": "No"
  },
  {
    "Name": "Egypt Egyptian Exchange",
    "ID": "EGX",
    "Country": "Egypt",
    "City": "Cairo",
    "Zone": "EST",
    "ZoneOffset": 2,
    "DST": "",
    "LocalOpen": "1000",
    "LocalClose": "1430",
    "LocalLunch": "No",
    "UTCOpen": "0800",
    "UTCClose": "1230",
    "UTCLunch": "No"
  },
  {
    "Name": "Finland Helsinki Stock Exchange",
    "ID": "OMX",
    "Country": "Finland",
    "City": "Helsinki",
    "Zone": "EET",
    "ZoneOffset": 2,
    "DST": "Mar–Oct",
    "LocalOpen": "1000",
    "LocalClose": "1830",
    "LocalLunch": "No",
    "UTCOpen": "0800",
    "UTCClose": "1630",
    "UTCLunch": "No"
  },
  {
    "Name": "Ukraine Ukrainian Exchange",
    "ID": "UX",
    "Country": "Ukraine",
    "City": "Kiev",
    "Zone": "EET",
    "ZoneOffset": 2,
    "DST": "Mar–Oct",
    "LocalOpen": "1000",
    "LocalClose": "1730",
    "LocalLunch": "No",
    "UTCOpen": "0800",
    "UTCClose": "1530",
    "UTCLunch": "No"
  },
  {
    "Name": "Latvia Riga Stock Exchange",
    "ID": "OMXR",
    "Country": "Latvia",
    "City": "Riga",
    "Zone": "EET",
    "ZoneOffset": 2,
    "DST": "Mar–Oct",
    "LocalOpen": "1000",
    "LocalClose": "1600",
    "LocalLunch": "No",
    "UTCOpen": "0800",
    "UTCClose": "1400",
    "UTCLunch": "No"
  },
  {
    "Name": "Estonia Tallinn Stock Exchange",
    "ID": "OMXT",
    "Country": "Estonia",
    "City": "Tallinn",
    "Zone": "EET",
    "ZoneOffset": 2,
    "DST": "Mar–Oct",
    "LocalOpen": "1000",
    "LocalClose": "1600",
    "LocalLunch": "No",
    "UTCOpen": "0800",
    "UTCClose": "1400",
    "UTCLunch": "No"
  },
  {
    "Name": "Lithuania NASDAQ OMX Vilnius",
    "ID": "OMXV",
    "Country": "Lithuania",
    "City": "Vilnius",
    "Zone": "EET",
    "ZoneOffset": 2,
    "DST": "Mar–Oct",
    "LocalOpen": "1000",
    "LocalClose": "1600",
    "LocalLunch": "No",
    "UTCOpen": "0800",
    "UTCClose": "1400",
    "UTCLunch": "No"
  },
  {
    "Name": "Jordan Amman Stock Exchange",
    "ID": "ASE",
    "Country": "Jordan",
    "City": "Amman",
    "Zone": "EET",
    "ZoneOffset": 2,
    "DST": "Mar–Oct",
    "LocalOpen": "1000",
    "LocalClose": "1200",
    "LocalLunch": "No",
    "UTCOpen": "0800",
    "UTCClose": "1000",
    "UTCLunch": "No"
  },
  {
    "Name": "Poland Warsaw Stock Exchange",
    "ID": "GPW",
    "Country": "Poland",
    "City": "Warsaw",
    "Zone": "CET",
    "ZoneOffset": 1,
    "DST": "Mar–Oct",
    "LocalOpen": "0900",
    "LocalClose": "1700",
    "LocalLunch": "No",
    "UTCOpen": "0800",
    "UTCClose": "1600",
    "UTCLunch": "No"
  },
  {
    "Name": "Hungary Budapest Stock Exchange",
    "ID": "BSE",
    "Country": "Hungary",
    "City": "Budapest",
    "Zone": "CET",
    "ZoneOffset": 1,
    "DST": "Mar–Oct",
    "LocalOpen": "0900",
    "LocalClose": "1700",
    "LocalLunch": "No",
    "UTCOpen": "0800",
    "UTCClose": "1600",
    "UTCLunch": "No"
  },
  {
    "Name": "France Euronext Paris",
    "ID": "EPA",
    "Country": "France",
    "City": "Paris",
    "Zone": "CET",
    "ZoneOffset": 1,
    "DST": "Mar–Oct",
    "LocalOpen": "0900",
    "LocalClose": "1730",
    "LocalLunch": "No",
    "UTCOpen": "0800",
    "UTCClose": "1630",
    "UTCLunch": "No"
  },
  {
    "Name": "Switzerland Berne eXchange",
    "ID": "BX",
    "Country": "Switzerland",
    "City": "Berne",
    "Zone": "CET",
    "ZoneOffset": 1,
    "DST": "Mar–Oct",
    "LocalOpen": "0900",
    "LocalClose": "1630",
    "LocalLunch": "No",
    "UTCOpen": "0800",
    "UTCClose": "1530",
    "UTCLunch": "No"
  },
  {
    "Name": "Switzerland Swiss Exchange",
    "ID": "SIX",
    "Country": "Switzerland",
    "City": "Zurich",
    "Zone": "CET",
    "ZoneOffset": 1,
    "DST": "Mar–Oct",
    "LocalOpen": "0900",
    "LocalClose": "1730",
    "LocalLunch": "No",
    "UTCOpen": "0800",
    "UTCClose": "1630",
    "UTCLunch": "No"
  },
  {
    "Name": "Spain Spanish Stock Exchange",
    "ID": "BME",
    "Country": "Spain",
    "City": "Madrid",
    "Zone": "CET",
    "ZoneOffset": 1,
    "DST": "Mar–Oct",
    "LocalOpen": "0900",
    "LocalClose": "1730",
    "LocalLunch": "No",
    "UTCOpen": "0800",
    "UTCClose": "1630",
    "UTCLunch": "No"
  },
  {
    "Name": "Italy Milan Stock Exchange",
    "ID": "MTA",
    "Country": "Italy",
    "City": "Milan",
    "Zone": "CET",
    "ZoneOffset": 1,
    "DST": "Mar–Oct",
    "LocalOpen": "0900",
    "LocalClose": "1735",
    "LocalLunch": "No",
    "UTCOpen": "0800",
    "UTCClose": "1635",
    "UTCLunch": "No"
  },
  {
    "Name": "Netherlands Euronext Amsterdam",
    "ID": "AMS",
    "Country": "Netherlands",
    "City": "Amsterdam",
    "Zone": "CET",
    "ZoneOffset": 1,
    "DST": "Mar–Oct",
    "LocalOpen": "0900",
    "LocalClose": "1740",
    "LocalLunch": "No",
    "UTCOpen": "0800",
    "UTCClose": "1640",
    "UTCLunch": "No"
  },
  {
    "Name": "Belgium Euronext Brussels",
    "ID": "BRU",
    "Country": "Belgium",
    "City": "Brussels",
    "Zone": "CET",
    "ZoneOffset": 1,
    "DST": "Mar–Oct",
    "LocalOpen": "0900",
    "LocalClose": "1730",
    "LocalLunch": "No",
    "UTCOpen": "0800",
    "UTCClose": "1630",
    "UTCLunch": "No"
  },
  {
    "Name": "Luxembourg Luxembourg Stock Exchange",
    "ID": "LuxSE",
    "Country": "Luxembourg",
    "City": "Luxembourg City",
    "Zone": "CET",
    "ZoneOffset": 1,
    "DST": "Mar–Oct",
    "LocalOpen": "0900",
    "LocalClose": "1735",
    "LocalLunch": "No",
    "UTCOpen": "0800",
    "UTCClose": "1635",
    "UTCLunch": "No"
  },
  {
    "Name": "Sweden Stockholm Stock Exchange",
    "ID": "OMX",
    "Country": "Sweden",
    "City": "Stockholm",
    "Zone": "CET",
    "ZoneOffset": 1,
    "DST": "Mar–Oct",
    "LocalOpen": "0900",
    "LocalClose": "1730",
    "LocalLunch": "No",
    "UTCOpen": "0800",
    "UTCClose": "1630",
    "UTCLunch": "No"
  },
  {
    "Name": "Norway Oslo Stock Exchange",
    "ID": "OSE",
    "Country": "Norway",
    "City": "Oslo",
    "Zone": "CET",
    "ZoneOffset": 1,
    "DST": "Mar–Oct",
    "LocalOpen": "0900",
    "LocalClose": "1630",
    "LocalLunch": "No",
    "UTCOpen": "0800",
    "UTCClose": "1530",
    "UTCLunch": "No"
  },
  {
    "Name": "Denmark Copenhagen Stock Exchange",
    "ID": "CSE",
    "Country": "Denmark",
    "City": "Copenhagen",
    "Zone": "CET",
    "ZoneOffset": 1,
    "DST": "Mar–Oct",
    "LocalOpen": "0900",
    "LocalClose": "1700",
    "LocalLunch": "No",
    "UTCOpen": "0800",
    "UTCClose": "1600",
    "UTCLunch": "No"
  },
  {
    "Name": "United Kingdom London Stock Exchange",
    "ID": "LSE",
    "Country": "United Kingdom",
    "City": "London",
    "Zone": "GMT",
    "ZoneOffset": 0,
    "DST": "Mar–Oct",
    "LocalOpen": "0800",
    "LocalClose": "1630",
    "LocalLunch": "No",
    "UTCOpen": "0800",
    "UTCClose": "1630",
    "UTCLunch": "No"
  },
  {
    "Name": "Portugal Euronext Lisbon",
    "ID": "PSI",
    "Country": "Portugal",
    "City": "Lisbon",
    "Zone": "GMT",
    "ZoneOffset": 0,
    "DST": "Mar–Oct",
    "LocalOpen": "0800",
    "LocalClose": "1630",
    "LocalLunch": "No",
    "UTCOpen": "0800",
    "UTCClose": "1630",
    "UTCLunch": "No"
  },
  {
    "Name": "Republic of Ireland Irish Stock Exchange",
    "ID": "ISE",
    "Country": "Ireland",
    "City": "Dublin",
    "Zone": "GMT",
    "ZoneOffset": 0,
    "DST": "Mar–Oct",
    "LocalOpen": "0800",
    "LocalClose": "1630",
    "LocalLunch": "No",
    "UTCOpen": "0800",
    "UTCClose": "1630",
    "UTCLunch": "No"
  },
  {
    "Name": "Morocco Casablanca Stock Exchange",
    "ID": "CSE",
    "Country": "Maroc",
    "City": "Casablanca",
    "Zone": "CET",
    "ZoneOffset": 0,
    "DST": "Mar–Oct",
    "LocalOpen": "0810",
    "LocalClose": "1555",
    "LocalLunch": "No",
    "UTCOpen": "0810",
    "UTCClose": "1555",
    "UTCLunch": "No"
  },
  {
    "Name": "Malta Malta Stock Exchange",
    "ID": "MSE",
    "Country": "Malta",
    "City": "Valletta",
    "Zone": "CET",
    "ZoneOffset": 1,
    "DST": "Mar–Oct",
    "LocalOpen": "0930",
    "LocalClose": "1230",
    "LocalLunch": "No",
    "UTCOpen": "0830",
    "UTCClose": "1130",
    "UTCLunch": "No"
  },
  {
    "Name": "Nigeria Nigerian Stock Exchange",
    "ID": "NSE",
    "Country": "Nigeria",
    "City": "Lagos",
    "Zone": "WAT",
    "ZoneOffset": 1,
    "DST": "",
    "LocalOpen": "1000",
    "LocalClose": "1600",
    "LocalLunch": "No",
    "UTCOpen": "0900",
    "UTCClose": "1500",
    "UTCLunch": "No"
  },
  {
    "Name": "Brazil Bolsa de Valores de São Paulo",
    "ID": "Bovespa",
    "Country": "Brazil",
    "City": "São Paulo",
    "Zone": "BRT",
    "ZoneOffset": "?3",
    "DST": "Suspended",
    "LocalOpen": "1000",
    "LocalClose": "1730",
    "LocalLunch": "No",
    "UTCOpen": "1300",
    "UTCClose": "2000",
    "UTCLunch": "No"
  },
  {
    "Name": "Saint Vincent / Grenadines Exchange",
    "ID": "SVGEX",
    "Country": "Saint Vincent / Grenadines",
    "City": "Kingstown",
    "Zone": "AST",
    "ZoneOffset": 4,
    "DST": "",
    "LocalOpen": "0900",
    "LocalClose": "1600",
    "LocalLunch": "1130–1300",
    "UTCOpen": "1300",
    "UTCClose": "2000",
    "UTCLunch": "1530–1700"
  },
  {
    "Name": "Argentina Buenos Aires Stock Exchange",
    "ID": "BCBA",
    "Country": "Argentina",
    "City": "Buenos Aires",
    "Zone": "ART",
    "ZoneOffset": "?3",
    "DST": "",
    "LocalOpen": "1100",
    "LocalClose": "1700",
    "LocalLunch": "No",
    "UTCOpen": "1400",
    "UTCClose": "2000",
    "UTCLunch": "No"
  },
  {
    "Name": "Jamaica Jamaica Stock Exchange",
    "ID": "JSE",
    "Country": "Jamaica",
    "City": "Kingston",
    "Zone": "EST",
    "ZoneOffset": "?5",
    "DST": "",
    "LocalOpen": "0900",
    "LocalClose": "1300",
    "LocalLunch": "No",
    "UTCOpen": "1400",
    "UTCClose": "1700",
    "UTCLunch": "No"
  },
  {
    "Name": "United States New York Stock Exchange",
    "ID": "NYSE",
    "Country": "United States",
    "City": "New York",
    "Zone": "EST",
    "ZoneOffset": "?5",
    "DST": "Mar–Nov",
    "LocalOpen": "0930",
    "LocalClose": "1600",
    "LocalLunch": "No",
    "UTCOpen": "1430",
    "UTCClose": "2100",
    "UTCLunch": "No"
  },
  {
    "Name": "United States NASDAQ",
    "ID": "NASDAQ",
    "Country": "United States",
    "City": "New York",
    "Zone": "EST",
    "ZoneOffset": "?5",
    "DST": "Mar–Nov",
    "LocalOpen": "0930",
    "LocalClose": "1600",
    "LocalLunch": "No",
    "UTCOpen": "1430",
    "UTCClose": "2100",
    "UTCLunch": "No"
  },
  {
    "Name": "Canada Toronto Stock Exchange",
    "ID": "TSX",
    "Country": "Canada",
    "City": "Toronto",
    "Zone": "EST",
    "ZoneOffset": "?5",
    "DST": "Mar–Nov",
    "LocalOpen": "0930",
    "LocalClose": "1600",
    "LocalLunch": "No",
    "UTCOpen": "1430",
    "UTCClose": "2100",
    "UTCLunch": "No"
  },
  {
    "Name": "Mexico Mexican Stock Exchange",
    "ID": "BMV",
    "Country": "Mexico",
    "City": "Mexico City",
    "Zone": "CST",
    "ZoneOffset": "?6",
    "DST": "Apr–Oct",
    "LocalOpen": "0830",
    "LocalClose": "1500",
    "LocalLunch": "No",
    "UTCOpen": "1430",
    "UTCClose": "2100",
    "UTCLunch": "No"
  }
]
